Year,GEO.id2,GEO.display_label,County,State,State Abbr,Households,Poverty Households,ALICE Households,Above ALICE Households,ALICE Threshold - HH under 65,ALICE Threshold - HH 65 years and over,Source: American Community Survey 
2010,36001,"Albany County, New York",Albany,New York,NY,120485 ,15659 ,35032 ,69794 ,45000 ,40000 ,1-Year
2012,36001,"Albany County, New York",Albany,New York,NY,121119 ,15889 ,29706 ,75524 ,45000 ,40000 ,1-Year
2014,36001,"Albany County, New York",Albany,New York,NY,124716 ,15189 ,36413 ,73114 ,50000 ,45000 ,1-Year
2016,36001,"Albany County, New York",Albany,New York,NY,125329 ,15585 ,34190 ,75554 ,50000 ,45000 ,1-Year
2018,36001,"Albany County, New York",Albany,New York,NY,126578 ,13373 ,36495 ,76710 ,50000 ,50000 ,1-Year
2019,36001,"Albany County, New York",Albany,New York,NY,128284 ,14917 ,38239 ,75128 ,60000 ,50000 ,1-Year
2021,36001,"Albany County, New York",Albany,New York,NY,132171 ,16330 ,37551 ,78290 ,60000 ,60000 ,1-Year
2010,36003,"Allegany County, New York",Allegany,New York,NY,18844 ,3022 ,5836 ,9986 ,40000 ,35000 ,3-Year
2012,36003,"Allegany County, New York",Allegany,New York,NY,18572 ,3146 ,5948 ,9478 ,45000 ,35000 ,3-Year
2014,36003,"Allegany County, New York",Allegany,New York,NY,18407 ,2950 ,5961 ,9496 ,45000 ,35000 ,5-Year
2016,36003,"Allegany County, New York",Allegany,New York,NY,18032 ,2860 ,6020 ,9152 ,45000 ,40000 ,5-Year
2018,36003,"Allegany County, New York",Allegany,New York,NY,18009 ,2883 ,6076 ,9050 ,50000 ,40000 ,5-Year
2019,36003,"Allegany County, New York",Allegany,New York,NY,17948 ,2868 ,5697 ,9383 ,50000 ,40000 ,5-Year
2021,36003,"Allegany County, New York",Allegany,New York,NY,16671 ,2386 ,6261 ,8024 ,60000 ,50000 ,5-Year
2010,36005,"Bronx County, New York",Bronx,New York,NY,471912 ,137924 ,171764 ,162224 ,50000 ,45000 ,1-Year
2012,36005,"Bronx County, New York",Bronx,New York,NY,475978 ,145927 ,164759 ,165292 ,50000 ,45000 ,1-Year
2014,36005,"Bronx County, New York",Bronx,New York,NY,492481 ,150621 ,195088 ,146772 ,60000 ,45000 ,1-Year
2016,36005,"Bronx County, New York",Bronx,New York,NY,498539 ,141654 ,191228 ,165657 ,60000 ,50000 ,1-Year
2018,36005,"Bronx County, New York",Bronx,New York,NY,507370 ,144352 ,194036 ,168982 ,60000 ,60000 ,1-Year
2019,36005,"Bronx County, New York",Bronx,New York,NY,513890 ,140061 ,228037 ,145792 ,75000 ,60000 ,1-Year
2021,36005,"Bronx County, New York",Bronx,New York,NY,533004 ,143531 ,237471 ,152002 ,75000 ,75000 ,1-Year
2010,36007,"Broome County, New York",Broome,New York,NY,80018 ,12567 ,18739 ,48712 ,35000 ,35000 ,1-Year
2012,36007,"Broome County, New York",Broome,New York,NY,81687 ,13339 ,21537 ,46811 ,40000 ,35000 ,1-Year
2014,36007,"Broome County, New York",Broome,New York,NY,78810 ,12977 ,20733 ,45100 ,40000 ,40000 ,1-Year
2016,36007,"Broome County, New York",Broome,New York,NY,76957 ,11243 ,22069 ,43645 ,45000 ,40000 ,1-Year
2018,36007,"Broome County, New York",Broome,New York,NY,75539 ,12679 ,20230 ,42630 ,45000 ,40000 ,1-Year
2019,36007,"Broome County, New York",Broome,New York,NY,79309 ,13399 ,21566 ,44344 ,45000 ,45000 ,1-Year
2021,36007,"Broome County, New York",Broome,New York,NY,84452 ,12307 ,21821 ,50324 ,45000 ,45000 ,1-Year
2010,36009,"Cattaraugus County, New York",Cattaraugus,New York,NY,32183 ,4297 ,8601 ,19285 ,35000 ,30000 ,1-Year
2012,36009,"Cattaraugus County, New York",Cattaraugus,New York,NY,32347 ,4817 ,7889 ,19641 ,35000 ,35000 ,1-Year
2014,36009,"Cattaraugus County, New York",Cattaraugus,New York,NY,30735 ,4703 ,8569 ,17463 ,40000 ,35000 ,1-Year
2016,36009,"Cattaraugus County, New York",Cattaraugus,New York,NY,31409 ,4842 ,8352 ,18215 ,40000 ,40000 ,1-Year
2018,36009,"Cattaraugus County, New York",Cattaraugus,New York,NY,32079 ,5091 ,8313 ,18675 ,40000 ,40000 ,1-Year
2019,36009,"Cattaraugus County, New York",Cattaraugus,New York,NY,33056 ,5163 ,8307 ,19586 ,40000 ,40000 ,1-Year
2021,36009,"Cattaraugus County, New York",Cattaraugus,New York,NY,32562 ,5473 ,7891 ,19198 ,45000 ,45000 ,1-Year
2010,36011,"Cayuga County, New York",Cayuga,New York,NY,30975 ,3434 ,6996 ,20545 ,35000 ,35000 ,1-Year
2012,36011,"Cayuga County, New York",Cayuga,New York,NY,30354 ,3171 ,7612 ,19571 ,40000 ,35000 ,1-Year
2014,36011,"Cayuga County, New York",Cayuga,New York,NY,31290 ,3972 ,7209 ,20109 ,40000 ,35000 ,1-Year
2016,36011,"Cayuga County, New York",Cayuga,New York,NY,30966 ,3412 ,6679 ,20875 ,40000 ,35000 ,1-Year
2018,36011,"Cayuga County, New York",Cayuga,New York,NY,30083 ,3525 ,8964 ,17594 ,45000 ,40000 ,1-Year
2019,36011,"Cayuga County, New York",Cayuga,New York,NY,31489 ,4295 ,6556 ,20638 ,45000 ,40000 ,1-Year
2021,36011,"Cayuga County, New York",Cayuga,New York,NY,32392 ,4980 ,6943 ,20469 ,45000 ,45000 ,1-Year
2010,36013,"Chautauqua County, New York",Chautauqua,New York,NY,55362 ,8811 ,15265 ,31286 ,35000 ,35000 ,1-Year
2012,36013,"Chautauqua County, New York",Chautauqua,New York,NY,51814 ,9678 ,14321 ,27815 ,40000 ,35000 ,1-Year
2014,36013,"Chautauqua County, New York",Chautauqua,New York,NY,52916 ,9248 ,14764 ,28904 ,40000 ,35000 ,1-Year
2016,36013,"Chautauqua County, New York",Chautauqua,New York,NY,51705 ,9105 ,15245 ,27355 ,40000 ,40000 ,1-Year
2018,36013,"Chautauqua County, New York",Chautauqua,New York,NY,53429 ,9235 ,14747 ,29447 ,40000 ,40000 ,1-Year
2019,36013,"Chautauqua County, New York",Chautauqua,New York,NY,55345 ,9850 ,13104 ,32391 ,40000 ,40000 ,1-Year
2021,36013,"Chautauqua County, New York",Chautauqua,New York,NY,53309 ,9811 ,16051 ,27447 ,45000 ,45000 ,1-Year
2010,36015,"Chemung County, New York",Chemung,New York,NY,35534 ,4258 ,9697 ,21579 ,35000 ,35000 ,1-Year
2012,36015,"Chemung County, New York",Chemung,New York,NY,34867 ,4952 ,10657 ,19258 ,40000 ,35000 ,1-Year
2014,36015,"Chemung County, New York",Chemung,New York,NY,34617 ,6724 ,6398 ,21495 ,40000 ,35000 ,1-Year
2016,36015,"Chemung County, New York",Chemung,New York,NY,34418 ,4815 ,9547 ,20056 ,45000 ,40000 ,1-Year
2018,36015,"Chemung County, New York",Chemung,New York,NY,34325 ,4661 ,9549 ,20115 ,45000 ,40000 ,1-Year
2019,36015,"Chemung County, New York",Chemung,New York,NY,33490 ,4931 ,6918 ,21641 ,45000 ,40000 ,1-Year
2021,36015,"Chemung County, New York",Chemung,New York,NY,35407 ,5365 ,8986 ,21056 ,50000 ,45000 ,1-Year
2010,36017,"Chenango County, New York",Chenango,New York,NY,19922 ,2690 ,4935 ,12297 ,35000 ,35000 ,3-Year
2012,36017,"Chenango County, New York",Chenango,New York,NY,19371 ,2733 ,5737 ,10901 ,40000 ,35000 ,3-Year
2014,36017,"Chenango County, New York",Chenango,New York,NY,19560 ,2937 ,5432 ,11191 ,40000 ,35000 ,5-Year
2016,36017,"Chenango County, New York",Chenango,New York,NY,19837 ,2956 ,5624 ,11257 ,40000 ,40000 ,5-Year
2018,36017,"Chenango County, New York",Chenango,New York,NY,20616 ,2955 ,5393 ,12268 ,40000 ,40000 ,5-Year
2019,36017,"Chenango County, New York",Chenango,New York,NY,20697 ,3021 ,5116 ,12560 ,40000 ,40000 ,5-Year
2021,36017,"Chenango County, New York",Chenango,New York,NY,19753 ,2559 ,5336 ,11858 ,45000 ,45000 ,5-Year
2010,36019,"Clinton County, New York",Clinton,New York,NY,31659 ,6039 ,7867 ,17753 ,40000 ,35000 ,1-Year
2012,36019,"Clinton County, New York",Clinton,New York,NY,32451 ,4631 ,7822 ,19998 ,40000 ,35000 ,1-Year
2014,36019,"Clinton County, New York",Clinton,New York,NY,31426 ,5344 ,8051 ,18031 ,45000 ,35000 ,1-Year
2016,36019,"Clinton County, New York",Clinton,New York,NY,30624 ,4583 ,7244 ,18797 ,45000 ,35000 ,1-Year
2018,36019,"Clinton County, New York",Clinton,New York,NY,31392 ,3854 ,7714 ,19824 ,45000 ,40000 ,1-Year
2019,36019,"Clinton County, New York",Clinton,New York,NY,31422 ,4847 ,6782 ,19793 ,45000 ,40000 ,1-Year
2021,36019,"Clinton County, New York",Clinton,New York,NY,33860 ,4907 ,8410 ,20543 ,45000 ,50000 ,1-Year
2010,36021,"Columbia County, New York",Columbia,New York,NY,25584 ,2126 ,6808 ,16650 ,40000 ,35000 ,3-Year
2012,36021,"Columbia County, New York",Columbia,New York,NY,24953 ,2166 ,5906 ,16881 ,40000 ,35000 ,3-Year
2014,36021,"Columbia County, New York",Columbia,New York,NY,25095 ,2359 ,7002 ,15734 ,45000 ,40000 ,5-Year
2016,36021,"Columbia County, New York",Columbia,New York,NY,25295 ,2735 ,6636 ,15924 ,45000 ,40000 ,5-Year
2018,36021,"Columbia County, New York",Columbia,New York,NY,25243 ,2646 ,6490 ,16107 ,45000 ,45000 ,5-Year
2019,36021,"Columbia County, New York",Columbia,New York,NY,24966 ,2602 ,6380 ,15984 ,50000 ,45000 ,5-Year
2021,36021,"Columbia County, New York",Columbia,New York,NY,25167 ,2416 ,7436 ,15315 ,60000 ,50000 ,5-Year
2010,36023,"Cortland County, New York",Cortland,New York,NY,17795 ,2462 ,4993 ,10340 ,40000 ,35000 ,3-Year
2012,36023,"Cortland County, New York",Cortland,New York,NY,17923 ,2311 ,5626 ,9986 ,45000 ,35000 ,3-Year
2014,36023,"Cortland County, New York",Cortland,New York,NY,18045 ,2403 ,5396 ,10246 ,45000 ,35000 ,5-Year
2016,36023,"Cortland County, New York",Cortland,New York,NY,17683 ,2508 ,4540 ,10635 ,45000 ,35000 ,5-Year
2018,36023,"Cortland County, New York",Cortland,New York,NY,17685 ,2715 ,4867 ,10103 ,50000 ,40000 ,5-Year
2019,36023,"Cortland County, New York",Cortland,New York,NY,17745 ,2850 ,4685 ,10210 ,50000 ,40000 ,5-Year
2021,36023,"Cortland County, New York",Cortland,New York,NY,18260 ,2422 ,4758 ,11080 ,50000 ,50000 ,5-Year
2010,36025,"Delaware County, New York",Delaware,New York,NY,20338 ,2834 ,5394 ,12110 ,35000 ,35000 ,3-Year
2012,36025,"Delaware County, New York",Delaware,New York,NY,19887 ,2768 ,6527 ,10592 ,40000 ,35000 ,3-Year
2014,36025,"Delaware County, New York",Delaware,New York,NY,19370 ,2679 ,5685 ,11006 ,40000 ,35000 ,5-Year
2016,36025,"Delaware County, New York",Delaware,New York,NY,18817 ,2960 ,5938 ,9919 ,45000 ,40000 ,5-Year
2018,36025,"Delaware County, New York",Delaware,New York,NY,19030 ,2887 ,5633 ,10510 ,45000 ,40000 ,5-Year
2019,36025,"Delaware County, New York",Delaware,New York,NY,18968 ,3024 ,5299 ,10645 ,45000 ,40000 ,5-Year
2021,36025,"Delaware County, New York",Delaware,New York,NY,18487 ,2638 ,6161 ,9688 ,50000 ,50000 ,5-Year
2010,36027,"Dutchess County, New York",Dutchess,New York,NY,106934 ,8458 ,26596 ,71880 ,50000 ,40000 ,1-Year
2012,36027,"Dutchess County, New York",Dutchess,New York,NY,107106 ,9467 ,28887 ,68752 ,50000 ,45000 ,1-Year
2014,36027,"Dutchess County, New York",Dutchess,New York,NY,104190 ,10270 ,30292 ,63628 ,60000 ,45000 ,1-Year
2016,36027,"Dutchess County, New York",Dutchess,New York,NY,108200 ,9699 ,32180 ,66321 ,60000 ,50000 ,1-Year
2018,36027,"Dutchess County, New York",Dutchess,New York,NY,108071 ,10719 ,28842 ,68510 ,60000 ,50000 ,1-Year
2019,36027,"Dutchess County, New York",Dutchess,New York,NY,110529 ,10004 ,27858 ,72667 ,60000 ,50000 ,1-Year
2021,36027,"Dutchess County, New York",Dutchess,New York,NY,118175 ,11969 ,29551 ,76655 ,60000 ,60000 ,1-Year
2010,36029,"Erie County, New York",Erie,New York,NY,376954 ,52179 ,90786 ,233989 ,35000 ,35000 ,1-Year
2012,36029,"Erie County, New York",Erie,New York,NY,379094 ,53469 ,96348 ,229277 ,40000 ,35000 ,1-Year
2014,36029,"Erie County, New York",Erie,New York,NY,383657 ,56319 ,93415 ,233923 ,40000 ,35000 ,1-Year
2016,36029,"Erie County, New York",Erie,New York,NY,380473 ,54609 ,102674 ,223190 ,45000 ,40000 ,1-Year
2018,36029,"Erie County, New York",Erie,New York,NY,390341 ,52603 ,103572 ,234166 ,45000 ,45000 ,1-Year
2019,36029,"Erie County, New York",Erie,New York,NY,398326 ,52995 ,98381 ,246950 ,45000 ,45000 ,1-Year
2021,36029,"Erie County, New York",Erie,New York,NY,412870 ,57223 ,109353 ,246294 ,50000 ,50000 ,1-Year
2010,36031,"Essex County, New York",Essex,New York,NY,16235 ,1492 ,4523 ,10220 ,35000 ,35000 ,3-Year
2012,36031,"Essex County, New York",Essex,New York,NY,16523 ,2095 ,3986 ,10442 ,35000 ,35000 ,3-Year
2014,36031,"Essex County, New York",Essex,New York,NY,15571 ,1676 ,4029 ,9866 ,40000 ,35000 ,5-Year
2016,36031,"Essex County, New York",Essex,New York,NY,15298 ,1553 ,4477 ,9268 ,45000 ,40000 ,5-Year
2018,36031,"Essex County, New York",Essex,New York,NY,15425 ,1501 ,4281 ,9643 ,45000 ,40000 ,5-Year
2019,36031,"Essex County, New York",Essex,New York,NY,15790 ,1633 ,4510 ,9647 ,45000 ,45000 ,5-Year
2021,36031,"Essex County, New York",Essex,New York,NY,15714 ,1507 ,4784 ,9423 ,50000 ,50000 ,5-Year
2010,36033,"Franklin County, New York",Franklin,New York,NY,18790 ,2667 ,5695 ,10428 ,40000 ,35000 ,3-Year
2012,36033,"Franklin County, New York",Franklin,New York,NY,19184 ,3057 ,5402 ,10725 ,40000 ,35000 ,3-Year
2014,36033,"Franklin County, New York",Franklin,New York,NY,19131 ,3309 ,4736 ,11086 ,40000 ,35000 ,5-Year
2016,36033,"Franklin County, New York",Franklin,New York,NY,19299 ,3507 ,4439 ,11353 ,40000 ,40000 ,5-Year
2018,36033,"Franklin County, New York",Franklin,New York,NY,19088 ,3374 ,4840 ,10874 ,45000 ,40000 ,5-Year
2019,36033,"Franklin County, New York",Franklin,New York,NY,19015 ,3396 ,4847 ,10772 ,45000 ,40000 ,5-Year
2021,36033,"Franklin County, New York",Franklin,New York,NY,18561 ,3330 ,4813 ,10418 ,50000 ,45000 ,5-Year
2010,36035,"Fulton County, New York",Fulton,New York,NY,22896 ,3674 ,5746 ,13476 ,35000 ,35000 ,3-Year
2012,36035,"Fulton County, New York",Fulton,New York,NY,22665 ,3240 ,5251 ,14174 ,35000 ,35000 ,3-Year
2014,36035,"Fulton County, New York",Fulton,New York,NY,22440 ,3349 ,6142 ,12949 ,40000 ,35000 ,5-Year
2016,36035,"Fulton County, New York",Fulton,New York,NY,22450 ,3357 ,5852 ,13241 ,40000 ,35000 ,5-Year
2018,36035,"Fulton County, New York",Fulton,New York,NY,22439 ,3143 ,5845 ,13451 ,40000 ,40000 ,5-Year
2019,36035,"Fulton County, New York",Fulton,New York,NY,22557 ,3095 ,5883 ,13579 ,40000 ,40000 ,5-Year
2021,36035,"Fulton County, New York",Fulton,New York,NY,21712 ,3145 ,6296 ,12271 ,50000 ,45000 ,5-Year
2010,36037,"Genesee County, New York",Genesee,New York,NY,23865 ,2799 ,5163 ,15903 ,35000 ,35000 ,3-Year
2012,36037,"Genesee County, New York",Genesee,New York,NY,23840 ,2680 ,6250 ,14910 ,40000 ,35000 ,3-Year
2014,36037,"Genesee County, New York",Genesee,New York,NY,23967 ,2694 ,6558 ,14715 ,40000 ,40000 ,5-Year
2016,36037,"Genesee County, New York",Genesee,New York,NY,23825 ,2719 ,6189 ,14917 ,40000 ,40000 ,5-Year
2018,36037,"Genesee County, New York",Genesee,New York,NY,23681 ,2684 ,5240 ,15757 ,40000 ,40000 ,5-Year
2019,36037,"Genesee County, New York",Genesee,New York,NY,23759 ,2621 ,5912 ,15226 ,45000 ,40000 ,5-Year
2021,36037,"Genesee County, New York",Genesee,New York,NY,24461 ,2765 ,5786 ,15910 ,45000 ,45000 ,5-Year
2010,36039,"Greene County, New York",Greene,New York,NY,18443 ,2241 ,5479 ,10723 ,40000 ,35000 ,3-Year
2012,36039,"Greene County, New York",Greene,New York,NY,18569 ,2643 ,5536 ,10390 ,45000 ,35000 ,3-Year
2014,36039,"Greene County, New York",Greene,New York,NY,18102 ,2365 ,6016 ,9721 ,50000 ,40000 ,5-Year
2016,36039,"Greene County, New York",Greene,New York,NY,17125 ,2048 ,7053 ,8024 ,60000 ,45000 ,5-Year
2018,36039,"Greene County, New York",Greene,New York,NY,17117 ,2174 ,6456 ,8487 ,60000 ,45000 ,5-Year
2019,36039,"Greene County, New York",Greene,New York,NY,17100 ,2266 ,6300 ,8534 ,60000 ,45000 ,5-Year
2021,36039,"Greene County, New York",Greene,New York,NY,17451 ,1934 ,5968 ,9549 ,60000 ,50000 ,5-Year
2010,36041,"Hamilton County, New York",Hamilton,New York,NY,2381 ,202 ,586 ,1593 ,35000 ,35000 ,5-Year
2012,36041,"Hamilton County, New York",Hamilton,New York,NY,2134 ,186 ,497 ,1451 ,35000 ,35000 ,5-Year
2014,36041,"Hamilton County, New York",Hamilton,New York,NY,1639 ,174 ,541 ,924 ,50000 ,40000 ,5-Year
2016,36041,"Hamilton County, New York",Hamilton,New York,NY,1239 ,151 ,587 ,501 ,75000 ,40000 ,5-Year
2018,36041,"Hamilton County, New York",Hamilton,New York,NY,1124 ,111 ,519 ,494 ,75000 ,40000 ,5-Year
2019,36041,"Hamilton County, New York",Hamilton,New York,NY,1157 ,112 ,509 ,536 ,75000 ,40000 ,5-Year
2021,36041,"Hamilton County, New York",Hamilton,New York,NY,1457 ,100 ,546 ,811 ,60000 ,50000 ,5-Year
2010,36043,"Herkimer County, New York",Herkimer,New York,NY,26478 ,3898 ,7233 ,15347 ,35000 ,35000 ,3-Year
2012,36043,"Herkimer County, New York",Herkimer,New York,NY,26951 ,3915 ,6984 ,16052 ,35000 ,35000 ,3-Year
2014,36043,"Herkimer County, New York",Herkimer,New York,NY,26583 ,4029 ,7305 ,15249 ,40000 ,35000 ,5-Year
2016,36043,"Herkimer County, New York",Herkimer,New York,NY,25670 ,3631 ,6373 ,15666 ,40000 ,35000 ,5-Year
2018,36043,"Herkimer County, New York",Herkimer,New York,NY,24583 ,3402 ,6945 ,14236 ,45000 ,40000 ,5-Year
2019,36043,"Herkimer County, New York",Herkimer,New York,NY,24524 ,3291 ,6372 ,14861 ,45000 ,40000 ,5-Year
2021,36043,"Herkimer County, New York",Herkimer,New York,NY,24441 ,2989 ,7066 ,14386 ,50000 ,45000 ,5-Year
2010,36045,"Jefferson County, New York",Jefferson,New York,NY,45163 ,5739 ,11362 ,28062 ,35000 ,35000 ,1-Year
2012,36045,"Jefferson County, New York",Jefferson,New York,NY,45845 ,6714 ,11701 ,27430 ,40000 ,35000 ,1-Year
2014,36045,"Jefferson County, New York",Jefferson,New York,NY,43516 ,6155 ,12421 ,24940 ,45000 ,40000 ,1-Year
2016,36045,"Jefferson County, New York",Jefferson,New York,NY,41415 ,6068 ,15299 ,20048 ,50000 ,40000 ,1-Year
2018,36045,"Jefferson County, New York",Jefferson,New York,NY,44657 ,5923 ,12307 ,26427 ,45000 ,40000 ,1-Year
2019,36045,"Jefferson County, New York",Jefferson,New York,NY,41214 ,5878 ,12457 ,22879 ,50000 ,45000 ,1-Year
2021,36045,"Jefferson County, New York",Jefferson,New York,NY,48628 ,4889 ,13484 ,30255 ,50000 ,45000 ,1-Year
2010,36047,"Kings County, New York",Kings,New York,NY,905317 ,194242 ,308204 ,402871 ,50000 ,45000 ,1-Year
2012,36047,"Kings County, New York",Kings,New York,NY,919333 ,205607 ,283718 ,430008 ,50000 ,50000 ,1-Year
2014,36047,"Kings County, New York",Kings,New York,NY,942402 ,209101 ,326402 ,406899 ,60000 ,50000 ,1-Year
2016,36047,"Kings County, New York",Kings,New York,NY,941871 ,188730 ,307757 ,445384 ,60000 ,60000 ,1-Year
2018,36047,"Kings County, New York",Kings,New York,NY,969317 ,179773 ,357313 ,432231 ,75000 ,60000 ,1-Year
2019,36047,"Kings County, New York",Kings,New York,NY,978091 ,169278 ,345884 ,462929 ,75000 ,60000 ,1-Year
2021,36047,"Kings County, New York",Kings,New York,NY,1001868 ,187961 ,350049 ,463858 ,75000 ,75000 ,1-Year
2010,36049,"Lewis County, New York",Lewis,New York,NY,10601 ,1382 ,2989 ,6230 ,35000 ,35000 ,3-Year
2012,36049,"Lewis County, New York",Lewis,New York,NY,10885 ,1459 ,2595 ,6831 ,35000 ,35000 ,3-Year
2014,36049,"Lewis County, New York",Lewis,New York,NY,10726 ,1427 ,2914 ,6385 ,40000 ,35000 ,5-Year
2016,36049,"Lewis County, New York",Lewis,New York,NY,10307 ,1314 ,2740 ,6253 ,40000 ,40000 ,5-Year
2018,36049,"Lewis County, New York",Lewis,New York,NY,10242 ,1265 ,2961 ,6016 ,45000 ,40000 ,5-Year
2019,36049,"Lewis County, New York",Lewis,New York,NY,10247 ,1235 ,2725 ,6287 ,45000 ,40000 ,5-Year
2021,36049,"Lewis County, New York",Lewis,New York,NY,10453 ,1200 ,2804 ,6449 ,50000 ,45000 ,5-Year
2010,36051,"Livingston County, New York",Livingston,New York,NY,23854 ,3165 ,5905 ,14784 ,40000 ,35000 ,1-Year
2012,36051,"Livingston County, New York",Livingston,New York,NY,24038 ,2884 ,6338 ,14816 ,45000 ,35000 ,1-Year
2014,36051,"Livingston County, New York",Livingston,New York,NY,25334 ,3944 ,7451 ,13939 ,45000 ,40000 ,1-Year
2016,36051,"Livingston County, New York",Livingston,New York,NY,23904 ,3079 ,7436 ,13389 ,50000 ,40000 ,1-Year
2018,36051,"Livingston County, New York",Livingston,New York,NY,23746 ,2477 ,6931 ,14338 ,50000 ,45000 ,1-Year
2019,36051,"Livingston County, New York",Livingston,New York,NY,23409 ,3437 ,6126 ,13846 ,50000 ,45000 ,1-Year
2021,36051,"Livingston County, New York",Livingston,New York,NY,24012 ,2613 ,7458 ,13941 ,60000 ,50000 ,5-Year
2010,36053,"Madison County, New York",Madison,New York,NY,26243 ,2571 ,6847 ,16825 ,40000 ,35000 ,1-Year
2012,36053,"Madison County, New York",Madison,New York,NY,25991 ,3474 ,7628 ,14889 ,45000 ,35000 ,1-Year
2014,36053,"Madison County, New York",Madison,New York,NY,25932 ,2657 ,7840 ,15435 ,45000 ,40000 ,1-Year
2016,36053,"Madison County, New York",Madison,New York,NY,25612 ,2321 ,7529 ,15762 ,50000 ,40000 ,1-Year
2018,36053,"Madison County, New York",Madison,New York,NY,26127 ,2184 ,8057 ,15886 ,50000 ,45000 ,1-Year
2019,36053,"Madison County, New York",Madison,New York,NY,25877 ,2557 ,7195 ,16125 ,50000 ,45000 ,5-Year
2021,36053,"Madison County, New York",Madison,New York,NY,25294 ,2935 ,7213 ,15146 ,60000 ,50000 ,1-Year
2010,36055,"Monroe County, New York",Monroe,New York,NY,294661 ,43219 ,73500 ,177942 ,40000 ,35000 ,1-Year
2012,36055,"Monroe County, New York",Monroe,New York,NY,298715 ,41950 ,87254 ,169511 ,45000 ,40000 ,1-Year
2014,36055,"Monroe County, New York",Monroe,New York,NY,298271 ,39016 ,89022 ,170233 ,45000 ,40000 ,1-Year
2016,36055,"Monroe County, New York",Monroe,New York,NY,299224 ,44193 ,80298 ,174733 ,45000 ,45000 ,1-Year
2018,36055,"Monroe County, New York",Monroe,New York,NY,301668 ,41964 ,84542 ,175162 ,50000 ,45000 ,1-Year
2019,36055,"Monroe County, New York",Monroe,New York,NY,305284 ,38622 ,81874 ,184788 ,50000 ,45000 ,1-Year
2021,36055,"Monroe County, New York",Monroe,New York,NY,318883 ,41807 ,78655 ,198421 ,50000 ,50000 ,1-Year
2010,36057,"Montgomery County, New York",Montgomery,New York,NY,20196 ,3131 ,5309 ,11756 ,35000 ,35000 ,3-Year
2012,36057,"Montgomery County, New York",Montgomery,New York,NY,19701 ,3386 ,5421 ,10894 ,40000 ,35000 ,3-Year
2014,36057,"Montgomery County, New York",Montgomery,New York,NY,19655 ,3365 ,5595 ,10695 ,40000 ,40000 ,5-Year
2016,36057,"Montgomery County, New York",Montgomery,New York,NY,19540 ,3436 ,5371 ,10733 ,40000 ,40000 ,5-Year
2018,36057,"Montgomery County, New York",Montgomery,New York,NY,19665 ,3382 ,5975 ,10308 ,45000 ,40000 ,5-Year
2019,36057,"Montgomery County, New York",Montgomery,New York,NY,19660 ,3184 ,5685 ,10791 ,45000 ,40000 ,5-Year
2021,36057,"Montgomery County, New York",Montgomery,New York,NY,18907 ,2970 ,6019 ,9918 ,50000 ,50000 ,5-Year
2010,36059,"Nassau County, New York",Nassau,New York,NY,442729 ,25259 ,107945 ,309525 ,60000 ,45000 ,1-Year
2012,36059,"Nassau County, New York",Nassau,New York,NY,441732 ,28368 ,127761 ,285603 ,75000 ,50000 ,1-Year
2014,36059,"Nassau County, New York",Nassau,New York,NY,440168 ,27020 ,121020 ,292128 ,75000 ,50000 ,1-Year
2016,36059,"Nassau County, New York",Nassau,New York,NY,440785 ,26086 ,108520 ,306179 ,75000 ,50000 ,1-Year
2018,36059,"Nassau County, New York",Nassau,New York,NY,447123 ,27321 ,103278 ,316524 ,75000 ,60000 ,1-Year
2019,36059,"Nassau County, New York",Nassau,New York,NY,449798 ,25832 ,102631 ,321335 ,75000 ,60000 ,1-Year
2021,36059,"Nassau County, New York",Nassau,New York,NY,459452 ,31020 ,87891 ,340541 ,75000 ,60000 ,1-Year
2010,36061,"New York County, New York",New York,New York,NY,726090 ,108136 ,235224 ,382730 ,60000 ,60000 ,1-Year
2012,36061,"New York County, New York",New York,New York,NY,746686 ,116467 ,221397 ,408822 ,60000 ,60000 ,1-Year
2014,36061,"New York County, New York",New York,New York,NY,762228 ,122231 ,200660 ,439337 ,60000 ,60000 ,1-Year
2016,36061,"New York County, New York",New York,New York,NY,748293 ,115900 ,245867 ,386526 ,75000 ,75000 ,1-Year
2018,36061,"New York County, New York",New York,New York,NY,752258 ,109647 ,233146 ,409465 ,75000 ,75000 ,1-Year
2019,36061,"New York County, New York",New York,New York,NY,768203 ,111116 ,211955 ,445132 ,75000 ,75000 ,1-Year
2021,36061,"New York County, New York",New York,New York,NY,737575 ,123734 ,231489 ,382352 ,75000 ,100000 ,1-Year
2010,36063,"Niagara County, New York",Niagara,New York,NY,87627 ,13085 ,21885 ,52657 ,35000 ,35000 ,1-Year
2012,36063,"Niagara County, New York",Niagara,New York,NY,88995 ,12655 ,20486 ,55854 ,35000 ,35000 ,1-Year
2014,36063,"Niagara County, New York",Niagara,New York,NY,86907 ,12359 ,21329 ,53219 ,40000 ,35000 ,1-Year
2016,36063,"Niagara County, New York",Niagara,New York,NY,86786 ,11123 ,23414 ,52249 ,40000 ,40000 ,1-Year
2018,36063,"Niagara County, New York",Niagara,New York,NY,89765 ,12713 ,20903 ,56149 ,40000 ,40000 ,1-Year
2019,36063,"Niagara County, New York",Niagara,New York,NY,90625 ,12662 ,19761 ,58202 ,40000 ,40000 ,1-Year
2021,36063,"Niagara County, New York",Niagara,New York,NY,90975 ,12340 ,23538 ,55097 ,45000 ,50000 ,1-Year
2010,36065,"Oneida County, New York",Oneida,New York,NY,89382 ,11337 ,24833 ,53212 ,40000 ,35000 ,1-Year
2012,36065,"Oneida County, New York",Oneida,New York,NY,90571 ,14343 ,23387 ,52841 ,40000 ,35000 ,1-Year
2014,36065,"Oneida County, New York",Oneida,New York,NY,90583 ,14178 ,26856 ,49549 ,45000 ,40000 ,1-Year
2016,36065,"Oneida County, New York",Oneida,New York,NY,87929 ,13275 ,22589 ,52065 ,45000 ,40000 ,1-Year
2018,36065,"Oneida County, New York",Oneida,New York,NY,88871 ,12875 ,23701 ,52295 ,45000 ,40000 ,1-Year
2019,36065,"Oneida County, New York",Oneida,New York,NY,90273 ,12384 ,22281 ,55608 ,45000 ,45000 ,1-Year
2021,36065,"Oneida County, New York",Oneida,New York,NY,93373 ,11983 ,26461 ,54929 ,50000 ,45000 ,1-Year
2010,36067,"Onondaga County, New York",Onondaga,New York,NY,184589 ,25842 ,48125 ,110622 ,40000 ,35000 ,1-Year
2012,36067,"Onondaga County, New York",Onondaga,New York,NY,185985 ,25908 ,43009 ,117068 ,40000 ,35000 ,1-Year
2014,36067,"Onondaga County, New York",Onondaga,New York,NY,185474 ,27451 ,40903 ,117120 ,40000 ,35000 ,1-Year
2016,36067,"Onondaga County, New York",Onondaga,New York,NY,182984 ,26171 ,45561 ,111252 ,45000 ,40000 ,1-Year
2018,36067,"Onondaga County, New York",Onondaga,New York,NY,185046 ,24562 ,50123 ,110361 ,50000 ,45000 ,1-Year
2019,36067,"Onondaga County, New York",Onondaga,New York,NY,183218 ,25883 ,46793 ,110542 ,50000 ,45000 ,1-Year
2021,36067,"Onondaga County, New York",Onondaga,New York,NY,198132 ,28623 ,46398 ,123111 ,50000 ,50000 ,1-Year
2010,36069,"Ontario County, New York",Ontario,New York,NY,43670 ,3771 ,11482 ,28417 ,40000 ,35000 ,1-Year
2012,36069,"Ontario County, New York",Ontario,New York,NY,44328 ,4728 ,12064 ,27536 ,40000 ,40000 ,1-Year
2014,36069,"Ontario County, New York",Ontario,New York,NY,43581 ,3998 ,13423 ,26160 ,45000 ,40000 ,1-Year
2016,36069,"Ontario County, New York",Ontario,New York,NY,45187 ,3888 ,13719 ,27580 ,45000 ,45000 ,1-Year
2018,36069,"Ontario County, New York",Ontario,New York,NY,44079 ,3931 ,12095 ,28053 ,50000 ,45000 ,1-Year
2019,36069,"Ontario County, New York",Ontario,New York,NY,46025 ,3753 ,11035 ,31237 ,50000 ,45000 ,1-Year
2021,36069,"Ontario County, New York",Ontario,New York,NY,47607 ,3144 ,10712 ,33751 ,50000 ,50000 ,1-Year
2010,36071,"Orange County, New York",Orange,New York,NY,124627 ,11109 ,32126 ,81392 ,50000 ,40000 ,1-Year
2012,36071,"Orange County, New York",Orange,New York,NY,125228 ,14331 ,37864 ,73033 ,60000 ,45000 ,1-Year
2014,36071,"Orange County, New York",Orange,New York,NY,124587 ,15318 ,35658 ,73611 ,60000 ,45000 ,1-Year
2016,36071,"Orange County, New York",Orange,New York,NY,124365 ,13368 ,37369 ,73628 ,60000 ,50000 ,1-Year
2018,36071,"Orange County, New York",Orange,New York,NY,128259 ,13198 ,38541 ,76520 ,60000 ,50000 ,1-Year
2019,36071,"Orange County, New York",Orange,New York,NY,131421 ,15959 ,29060 ,86402 ,60000 ,50000 ,1-Year
2021,36071,"Orange County, New York",Orange,New York,NY,137561 ,15155 ,39345 ,83061 ,75000 ,60000 ,1-Year
2010,36073,"Orleans County, New York",Orleans,New York,NY,15873 ,1826 ,4606 ,9441 ,40000 ,35000 ,3-Year
2012,36073,"Orleans County, New York",Orleans,New York,NY,15849 ,2052 ,3932 ,9865 ,40000 ,35000 ,3-Year
2014,36073,"Orleans County, New York",Orleans,New York,NY,15894 ,2307 ,4869 ,8718 ,45000 ,40000 ,5-Year
2016,36073,"Orleans County, New York",Orleans,New York,NY,16132 ,2329 ,4935 ,8868 ,45000 ,40000 ,5-Year
2018,36073,"Orleans County, New York",Orleans,New York,NY,16333 ,2200 ,4548 ,9585 ,45000 ,40000 ,5-Year
2019,36073,"Orleans County, New York",Orleans,New York,NY,16563 ,2131 ,4511 ,9921 ,45000 ,40000 ,5-Year
2021,36073,"Orleans County, New York",Orleans,New York,NY,16203 ,2264 ,4671 ,9268 ,50000 ,45000 ,5-Year
2010,36075,"Oswego County, New York",Oswego,New York,NY,44780 ,7654 ,11664 ,25462 ,40000 ,35000 ,1-Year
2012,36075,"Oswego County, New York",Oswego,New York,NY,45480 ,6585 ,11930 ,26965 ,40000 ,35000 ,1-Year
2014,36075,"Oswego County, New York",Oswego,New York,NY,45646 ,8543 ,10420 ,26683 ,40000 ,35000 ,1-Year
2016,36075,"Oswego County, New York",Oswego,New York,NY,44633 ,7327 ,10806 ,26500 ,45000 ,40000 ,1-Year
2018,36075,"Oswego County, New York",Oswego,New York,NY,46270 ,6844 ,12070 ,27356 ,45000 ,40000 ,1-Year
2019,36075,"Oswego County, New York",Oswego,New York,NY,46640 ,6352 ,10156 ,30132 ,45000 ,35000 ,1-Year
2021,36075,"Oswego County, New York",Oswego,New York,NY,46924 ,7037 ,12061 ,27826 ,50000 ,45000 ,1-Year
2010,36077,"Otsego County, New York",Otsego,New York,NY,24862 ,3883 ,6364 ,14615 ,35000 ,35000 ,3-Year
2012,36077,"Otsego County, New York",Otsego,New York,NY,23875 ,3502 ,7228 ,13145 ,45000 ,35000 ,3-Year
2014,36077,"Otsego County, New York",Otsego,New York,NY,23798 ,3662 ,7234 ,12902 ,45000 ,40000 ,5-Year
2016,36077,"Otsego County, New York",Otsego,New York,NY,23539 ,3520 ,6920 ,13099 ,45000 ,40000 ,5-Year
2018,36077,"Otsego County, New York",Otsego,New York,NY,23556 ,3394 ,6884 ,13278 ,50000 ,40000 ,5-Year
2019,36077,"Otsego County, New York",Otsego,New York,NY,23409 ,3338 ,6636 ,13435 ,50000 ,40000 ,5-Year
2021,36077,"Otsego County, New York",Otsego,New York,NY,22448 ,2612 ,7889 ,11947 ,60000 ,50000 ,5-Year
2010,36079,"Putnam County, New York",Putnam,New York,NY,34727 ,1740 ,10593 ,22394 ,60000 ,50000 ,1-Year
2012,36079,"Putnam County, New York",Putnam,New York,NY,34050 ,1933 ,8104 ,24013 ,60000 ,50000 ,1-Year
2014,36079,"Putnam County, New York",Putnam,New York,NY,34234 ,1802 ,7629 ,24803 ,60000 ,50000 ,1-Year
2016,36079,"Putnam County, New York",Putnam,New York,NY,34762 ,1600 ,10496 ,22666 ,75000 ,60000 ,1-Year
2018,36079,"Putnam County, New York",Putnam,New York,NY,34847 ,1575 ,9899 ,23373 ,75000 ,60000 ,5-Year
2019,36079,"Putnam County, New York",Putnam,New York,NY,34854 ,1454 ,9556 ,23844 ,75000 ,60000 ,5-Year
2021,36079,"Putnam County, New York",Putnam,New York,NY,34651 ,1836 ,9538 ,23277 ,75000 ,75000 ,5-Year
2010,36081,"Queens County, New York",Queens,New York,NY,772332 ,107354 ,308610 ,356368 ,60000 ,50000 ,1-Year
2012,36081,"Queens County, New York",Queens,New York,NY,780349 ,120168 ,288058 ,372123 ,60000 ,50000 ,1-Year
2014,36081,"Queens County, New York",Queens,New York,NY,785985 ,116912 ,275850 ,393223 ,60000 ,50000 ,1-Year
2016,36081,"Queens County, New York",Queens,New York,NY,761819 ,103428 ,324684 ,333707 ,75000 ,60000 ,1-Year
2018,36081,"Queens County, New York",Queens,New York,NY,788110 ,94420 ,313328 ,380362 ,75000 ,60000 ,1-Year
2019,36081,"Queens County, New York",Queens,New York,NY,784552 ,91039 ,306134 ,387379 ,75000 ,75000 ,1-Year
2021,36081,"Queens County, New York",Queens,New York,NY,820686 ,116027 ,302747 ,401912 ,75000 ,75000 ,1-Year
2010,36083,"Rensselaer County, New York",Rensselaer,New York,NY,65219 ,8514 ,17270 ,39435 ,40000 ,40000 ,1-Year
2012,36083,"Rensselaer County, New York",Rensselaer,New York,NY,64581 ,7058 ,16174 ,41349 ,45000 ,40000 ,1-Year
2014,36083,"Rensselaer County, New York",Rensselaer,New York,NY,63289 ,8015 ,17611 ,37663 ,50000 ,45000 ,1-Year
2016,36083,"Rensselaer County, New York",Rensselaer,New York,NY,62816 ,6756 ,17233 ,38827 ,50000 ,45000 ,1-Year
2018,36083,"Rensselaer County, New York",Rensselaer,New York,NY,64614 ,6842 ,14602 ,43170 ,50000 ,50000 ,1-Year
2019,36083,"Rensselaer County, New York",Rensselaer,New York,NY,65790 ,7670 ,15903 ,42217 ,50000 ,50000 ,1-Year
2021,36083,"Rensselaer County, New York",Rensselaer,New York,NY,66431 ,8662 ,17339 ,40430 ,60000 ,50000 ,1-Year
2010,36085,"Richmond County, New York",Richmond,New York,NY,163816 ,19494 ,48941 ,95381 ,60000 ,50000 ,1-Year
2012,36085,"Richmond County, New York",Richmond,New York,NY,163468 ,20253 ,46816 ,96399 ,60000 ,50000 ,1-Year
2014,36085,"Richmond County, New York",Richmond,New York,NY,164971 ,24585 ,44538 ,95848 ,60000 ,50000 ,1-Year
2016,36085,"Richmond County, New York",Richmond,New York,NY,164289 ,23813 ,42475 ,98001 ,60000 ,60000 ,1-Year
2018,36085,"Richmond County, New York",Richmond,New York,NY,167441 ,20404 ,51937 ,95100 ,75000 ,60000 ,1-Year
2019,36085,"Richmond County, New York",Richmond,New York,NY,166297 ,14299 ,54703 ,97295 ,75000 ,60000 ,1-Year
2021,36085,"Richmond County, New York",Richmond,New York,NY,170762 ,21462 ,54035 ,95265 ,75000 ,75000 ,1-Year
2010,36087,"Rockland County, New York",Rockland,New York,NY,98207 ,8389 ,31704 ,58114 ,75000 ,50000 ,1-Year
2012,36087,"Rockland County, New York",Rockland,New York,NY,97934 ,11157 ,29093 ,57684 ,75000 ,50000 ,1-Year
2014,36087,"Rockland County, New York",Rockland,New York,NY,98873 ,10429 ,30798 ,57646 ,75000 ,50000 ,1-Year
2016,36087,"Rockland County, New York",Rockland,New York,NY,99257 ,10888 ,30971 ,57398 ,75000 ,60000 ,1-Year
2018,36087,"Rockland County, New York",Rockland,New York,NY,99502 ,11652 ,29161 ,58689 ,75000 ,60000 ,1-Year
2019,36087,"Rockland County, New York",Rockland,New York,NY,101424 ,10242 ,26111 ,65071 ,75000 ,60000 ,1-Year
2021,36087,"Rockland County, New York",Rockland,New York,NY,102609 ,12722 ,27426 ,62461 ,75000 ,75000 ,1-Year
2010,36089,"St. Lawrence County, New York",St. Lawrence,New York,NY,43123 ,6453 ,12291 ,24379 ,35000 ,35000 ,1-Year
2012,36089,"St. Lawrence County, New York",St. Lawrence,New York,NY,42436 ,7236 ,12662 ,22538 ,40000 ,35000 ,1-Year
2014,36089,"St. Lawrence County, New York",St. Lawrence,New York,NY,40286 ,6973 ,12863 ,20450 ,45000 ,35000 ,1-Year
2016,36089,"St. Lawrence County, New York",St. Lawrence,New York,NY,40479 ,6066 ,11187 ,23226 ,45000 ,40000 ,1-Year
2018,36089,"St. Lawrence County, New York",St. Lawrence,New York,NY,41680 ,5921 ,12397 ,23362 ,45000 ,40000 ,1-Year
2019,36089,"St. Lawrence County, New York",St. Lawrence,New York,NY,42832 ,8729 ,10037 ,24066 ,45000 ,40000 ,1-Year
2021,36089,"St. Lawrence County, New York",St. Lawrence,New York,NY,42298 ,5599 ,13217 ,23482 ,50000 ,50000 ,1-Year
2010,36091,"Saratoga County, New York",Saratoga,New York,NY,90445 ,6138 ,19589 ,64718 ,40000 ,40000 ,1-Year
2012,36091,"Saratoga County, New York",Saratoga,New York,NY,87414 ,5054 ,23959 ,58401 ,50000 ,40000 ,1-Year
2014,36091,"Saratoga County, New York",Saratoga,New York,NY,90964 ,6150 ,22600 ,62214 ,50000 ,45000 ,1-Year
2016,36091,"Saratoga County, New York",Saratoga,New York,NY,93703 ,6389 ,23206 ,64108 ,50000 ,50000 ,1-Year
2018,36091,"Saratoga County, New York",Saratoga,New York,NY,94156 ,5986 ,25213 ,62957 ,60000 ,50000 ,1-Year
2019,36091,"Saratoga County, New York",Saratoga,New York,NY,93547 ,5409 ,27186 ,60952 ,60000 ,60000 ,1-Year
2021,36091,"Saratoga County, New York",Saratoga,New York,NY,100226 ,8581 ,23283 ,68362 ,60000 ,60000 ,1-Year
2010,36093,"Schenectady County, New York",Schenectady,New York,NY,58773 ,6311 ,17501 ,34961 ,45000 ,40000 ,1-Year
2012,36093,"Schenectady County, New York",Schenectady,New York,NY,57463 ,6598 ,17911 ,32954 ,50000 ,40000 ,1-Year
2014,36093,"Schenectady County, New York",Schenectady,New York,NY,56255 ,6442 ,17192 ,32621 ,50000 ,45000 ,1-Year
2016,36093,"Schenectady County, New York",Schenectady,New York,NY,48720 ,4955 ,18373 ,25392 ,60000 ,45000 ,1-Year
2018,36093,"Schenectady County, New York",Schenectady,New York,NY,55262 ,6366 ,18142 ,30754 ,60000 ,50000 ,1-Year
2019,36093,"Schenectady County, New York",Schenectady,New York,NY,62534 ,6751 ,16257 ,39526 ,50000 ,50000 ,1-Year
2021,36093,"Schenectady County, New York",Schenectady,New York,NY,66910 ,8412 ,15294 ,43204 ,50000 ,50000 ,1-Year
2010,36095,"Schoharie County, New York",Schoharie,New York,NY,12937 ,1472 ,3373 ,8092 ,40000 ,35000 ,3-Year
2012,36095,"Schoharie County, New York",Schoharie,New York,NY,12942 ,1606 ,3658 ,7678 ,45000 ,35000 ,3-Year
2014,36095,"Schoharie County, New York",Schoharie,New York,NY,12739 ,1702 ,3714 ,7323 ,45000 ,40000 ,5-Year
2016,36095,"Schoharie County, New York",Schoharie,New York,NY,12373 ,1641 ,4088 ,6644 ,50000 ,40000 ,5-Year
2018,36095,"Schoharie County, New York",Schoharie,New York,NY,12559 ,1606 ,4025 ,6928 ,50000 ,45000 ,5-Year
2019,36095,"Schoharie County, New York",Schoharie,New York,NY,12559 ,1452 ,3873 ,7234 ,50000 ,45000 ,5-Year
2021,36095,"Schoharie County, New York",Schoharie,New York,NY,12110 ,1474 ,3388 ,7248 ,50000 ,50000 ,5-Year
2010,36097,"Schuyler County, New York",Schuyler,New York,NY,7482 ,673 ,2096 ,4713 ,35000 ,35000 ,5-Year
2012,36097,"Schuyler County, New York",Schuyler,New York,NY,7570 ,649 ,2026 ,4895 ,35000 ,35000 ,5-Year
2014,36097,"Schuyler County, New York",Schuyler,New York,NY,7759 ,931 ,1718 ,5110 ,35000 ,35000 ,5-Year
2016,36097,"Schuyler County, New York",Schuyler,New York,NY,7376 ,1080 ,1968 ,4328 ,40000 ,40000 ,5-Year
2018,36097,"Schuyler County, New York",Schuyler,New York,NY,7304 ,950 ,2036 ,4318 ,45000 ,40000 ,5-Year
2019,36097,"Schuyler County, New York",Schuyler,New York,NY,7324 ,1098 ,1901 ,4325 ,45000 ,40000 ,5-Year
2021,36097,"Schuyler County, New York",Schuyler,New York,NY,7542 ,1128 ,1894 ,4520 ,45000 ,45000 ,5-Year
2010,36099,"Seneca County, New York",Seneca,New York,NY,13247 ,1495 ,3937 ,7815 ,40000 ,35000 ,3-Year
2012,36099,"Seneca County, New York",Seneca,New York,NY,13321 ,1791 ,3554 ,7976 ,40000 ,35000 ,3-Year
2014,36099,"Seneca County, New York",Seneca,New York,NY,13485 ,1663 ,3658 ,8164 ,40000 ,35000 ,5-Year
2016,36099,"Seneca County, New York",Seneca,New York,NY,13672 ,1597 ,3595 ,8480 ,40000 ,35000 ,5-Year
2018,36099,"Seneca County, New York",Seneca,New York,NY,13522 ,1575 ,3684 ,8263 ,45000 ,40000 ,5-Year
2019,36099,"Seneca County, New York",Seneca,New York,NY,13564 ,1517 ,3704 ,8343 ,45000 ,40000 ,5-Year
2021,36099,"Seneca County, New York",Seneca,New York,NY,13603 ,1678 ,4109 ,7816 ,50000 ,50000 ,5-Year
2010,36101,"Steuben County, New York",Steuben,New York,NY,41052 ,5518 ,9952 ,25582 ,35000 ,35000 ,1-Year
2012,36101,"Steuben County, New York",Steuben,New York,NY,41597 ,6109 ,8848 ,26640 ,35000 ,35000 ,1-Year
2014,36101,"Steuben County, New York",Steuben,New York,NY,41046 ,6599 ,9044 ,25403 ,35000 ,35000 ,1-Year
2016,36101,"Steuben County, New York",Steuben,New York,NY,38458 ,3861 ,11256 ,23341 ,40000 ,40000 ,1-Year
2018,36101,"Steuben County, New York",Steuben,New York,NY,40578 ,4906 ,9789 ,25883 ,40000 ,40000 ,1-Year
2019,36101,"Steuben County, New York",Steuben,New York,NY,39283 ,5930 ,10061 ,23292 ,45000 ,40000 ,1-Year
2021,36101,"Steuben County, New York",Steuben,New York,NY,39500 ,5592 ,10310 ,23598 ,45000 ,45000 ,1-Year
2010,36103,"Suffolk County, New York",Suffolk,New York,NY,496266 ,30069 ,133048 ,333149 ,60000 ,50000 ,1-Year
2012,36103,"Suffolk County, New York",Suffolk,New York,NY,496353 ,33633 ,160958 ,301762 ,75000 ,50000 ,1-Year
2014,36103,"Suffolk County, New York",Suffolk,New York,NY,493287 ,35986 ,156927 ,300374 ,75000 ,50000 ,1-Year
2016,36103,"Suffolk County, New York",Suffolk,New York,NY,474311 ,34103 ,136130 ,304078 ,75000 ,50000 ,1-Year
2018,36103,"Suffolk County, New York",Suffolk,New York,NY,496784 ,36311 ,135610 ,324863 ,75000 ,60000 ,1-Year
2019,36103,"Suffolk County, New York",Suffolk,New York,NY,499744 ,29936 ,128547 ,341261 ,75000 ,60000 ,1-Year
2021,36103,"Suffolk County, New York",Suffolk,New York,NY,511951 ,34189 ,132079 ,345683 ,75000 ,75000 ,1-Year
2010,36105,"Sullivan County, New York",Sullivan,New York,NY,31599 ,5667 ,7212 ,18720 ,35000 ,35000 ,1-Year
2012,36105,"Sullivan County, New York",Sullivan,New York,NY,29222 ,5387 ,7585 ,16250 ,45000 ,35000 ,1-Year
2014,36105,"Sullivan County, New York",Sullivan,New York,NY,27524 ,3910 ,8163 ,15451 ,45000 ,40000 ,1-Year
2016,36105,"Sullivan County, New York",Sullivan,New York,NY,25031 ,4432 ,7462 ,13137 ,50000 ,40000 ,1-Year
2018,36105,"Sullivan County, New York",Sullivan,New York,NY,28900 ,4841 ,8429 ,15630 ,50000 ,45000 ,1-Year
2019,36105,"Sullivan County, New York",Sullivan,New York,NY,28960 ,4522 ,7448 ,16990 ,50000 ,45000 ,1-Year
2021,36105,"Sullivan County, New York",Sullivan,New York,NY,28816 ,3847 ,9212 ,15757 ,60000 ,50000 ,5-Year
2010,36107,"Tioga County, New York",Tioga,New York,NY,20634 ,2129 ,4632 ,13873 ,35000 ,35000 ,3-Year
2012,36107,"Tioga County, New York",Tioga,New York,NY,20135 ,1986 ,5022 ,13127 ,40000 ,35000 ,3-Year
2014,36107,"Tioga County, New York",Tioga,New York,NY,20178 ,2032 ,5278 ,12868 ,40000 ,40000 ,5-Year
2016,36107,"Tioga County, New York",Tioga,New York,NY,19705 ,2114 ,4979 ,12612 ,40000 ,40000 ,5-Year
2018,36107,"Tioga County, New York",Tioga,New York,NY,20045 ,2206 ,5116 ,12723 ,45000 ,40000 ,5-Year
2019,36107,"Tioga County, New York",Tioga,New York,NY,20030 ,2175 ,5141 ,12714 ,45000 ,45000 ,5-Year
2021,36107,"Tioga County, New York",Tioga,New York,NY,20316 ,1967 ,5640 ,12709 ,50000 ,45000 ,5-Year
2010,36109,"Tompkins County, New York",Tompkins,New York,NY,37812 ,7315 ,9161 ,21336 ,45000 ,40000 ,1-Year
2012,36109,"Tompkins County, New York",Tompkins,New York,NY,38269 ,6298 ,9976 ,21995 ,45000 ,40000 ,1-Year
2014,36109,"Tompkins County, New York",Tompkins,New York,NY,38120 ,6774 ,11523 ,19823 ,50000 ,45000 ,1-Year
2016,36109,"Tompkins County, New York",Tompkins,New York,NY,37683 ,7779 ,11312 ,18592 ,60000 ,45000 ,1-Year
2018,36109,"Tompkins County, New York",Tompkins,New York,NY,40250 ,6184 ,11551 ,22515 ,50000 ,50000 ,1-Year
2019,36109,"Tompkins County, New York",Tompkins,New York,NY,40322 ,7098 ,10553 ,22671 ,50000 ,50000 ,1-Year
2021,36109,"Tompkins County, New York",Tompkins,New York,NY,44469 ,8762 ,9134 ,26573 ,50000 ,60000 ,1-Year
2010,36111,"Ulster County, New York",Ulster,New York,NY,68581 ,7989 ,20921 ,39671 ,45000 ,40000 ,1-Year
2012,36111,"Ulster County, New York",Ulster,New York,NY,70353 ,7562 ,21340 ,41451 ,50000 ,40000 ,1-Year
2014,36111,"Ulster County, New York",Ulster,New York,NY,69522 ,8355 ,21109 ,40058 ,50000 ,40000 ,1-Year
2016,36111,"Ulster County, New York",Ulster,New York,NY,68298 ,7644 ,19596 ,41058 ,50000 ,45000 ,1-Year
2018,36111,"Ulster County, New York",Ulster,New York,NY,69154 ,8614 ,20275 ,40265 ,60000 ,45000 ,1-Year
2019,36111,"Ulster County, New York",Ulster,New York,NY,69376 ,7943 ,22255 ,39178 ,60000 ,50000 ,1-Year
2021,36111,"Ulster County, New York",Ulster,New York,NY,75053 ,7483 ,19830 ,47740 ,60000 ,50000 ,1-Year
2010,36113,"Warren County, New York",Warren,New York,NY,28809 ,2192 ,7126 ,19491 ,35000 ,35000 ,1-Year
2012,36113,"Warren County, New York",Warren,New York,NY,27530 ,3143 ,7191 ,17196 ,40000 ,40000 ,1-Year
2014,36113,"Warren County, New York",Warren,New York,NY,26193 ,3668 ,7147 ,15378 ,45000 ,45000 ,1-Year
2016,36113,"Warren County, New York",Warren,New York,NY,28841 ,3162 ,6737 ,18942 ,40000 ,40000 ,1-Year
2018,36113,"Warren County, New York",Warren,New York,NY,28007 ,2673 ,8311 ,17023 ,45000 ,45000 ,1-Year
2019,36113,"Warren County, New York",Warren,New York,NY,29593 ,2892 ,8691 ,18010 ,50000 ,45000 ,1-Year
2021,36113,"Warren County, New York",Warren,New York,NY,29729 ,2838 ,7506 ,19385 ,50000 ,50000 ,1-Year
2010,36115,"Washington County, New York",Washington,New York,NY,24881 ,2884 ,6992 ,15005 ,40000 ,35000 ,3-Year
2012,36115,"Washington County, New York",Washington,New York,NY,24242 ,2738 ,7876 ,13628 ,45000 ,40000 ,3-Year
2014,36115,"Washington County, New York",Washington,New York,NY,24165 ,3021 ,8554 ,12590 ,50000 ,45000 ,5-Year
2016,36115,"Washington County, New York",Washington,New York,NY,24027 ,2904 ,7783 ,13340 ,50000 ,40000 ,5-Year
2018,36115,"Washington County, New York",Washington,New York,NY,24009 ,2874 ,7595 ,13540 ,50000 ,45000 ,5-Year
2019,36115,"Washington County, New York",Washington,New York,NY,24014 ,2481 ,7340 ,14193 ,50000 ,45000 ,5-Year
2021,36115,"Washington County, New York",Washington,New York,NY,24073 ,2818 ,7765 ,13490 ,60000 ,50000 ,5-Year
2010,36117,"Wayne County, New York",Wayne,New York,NY,36603 ,3266 ,8847 ,24490 ,35000 ,35000 ,1-Year
2012,36117,"Wayne County, New York",Wayne,New York,NY,37027 ,4746 ,9721 ,22560 ,40000 ,35000 ,1-Year
2014,36117,"Wayne County, New York",Wayne,New York,NY,35577 ,3954 ,13127 ,18496 ,45000 ,40000 ,1-Year
2016,36117,"Wayne County, New York",Wayne,New York,NY,37496 ,2824 ,9147 ,25525 ,40000 ,40000 ,1-Year
2018,36117,"Wayne County, New York",Wayne,New York,NY,35927 ,3046 ,9305 ,23576 ,45000 ,40000 ,1-Year
2019,36117,"Wayne County, New York",Wayne,New York,NY,36634 ,4857 ,8635 ,23142 ,45000 ,45000 ,1-Year
2021,36117,"Wayne County, New York",Wayne,New York,NY,38634 ,3965 ,9296 ,25373 ,45000 ,50000 ,1-Year
2010,36119,"Westchester County, New York",Westchester,New York,NY,344475 ,29021 ,78169 ,237285 ,50000 ,45000 ,1-Year
2012,36119,"Westchester County, New York",Westchester,New York,NY,340097 ,32873 ,96088 ,211136 ,60000 ,45000 ,1-Year
2014,36119,"Westchester County, New York",Westchester,New York,NY,342557 ,33858 ,86267 ,222432 ,60000 ,45000 ,1-Year
2016,36119,"Westchester County, New York",Westchester,New York,NY,342216 ,36130 ,83014 ,223072 ,60000 ,50000 ,1-Year
2018,36119,"Westchester County, New York",Westchester,New York,NY,352498 ,32145 ,97868 ,222485 ,75000 ,50000 ,1-Year
2019,36119,"Westchester County, New York",Westchester,New York,NY,355136 ,32140 ,94482 ,228514 ,75000 ,60000 ,1-Year
2021,36119,"Westchester County, New York",Westchester,New York,NY,371736 ,37425 ,88137 ,246174 ,75000 ,60000 ,1-Year
2010,36121,"Wyoming County, New York",Wyoming,New York,NY,15242 ,1654 ,4536 ,9052 ,40000 ,35000 ,3-Year
2012,36121,"Wyoming County, New York",Wyoming,New York,NY,15716 ,1475 ,5019 ,9222 ,45000 ,35000 ,3-Year
2014,36121,"Wyoming County, New York",Wyoming,New York,NY,15691 ,1605 ,4607 ,9479 ,45000 ,35000 ,5-Year
2016,36121,"Wyoming County, New York",Wyoming,New York,NY,15780 ,1683 ,3816 ,10281 ,40000 ,35000 ,5-Year
2018,36121,"Wyoming County, New York",Wyoming,New York,NY,15815 ,1660 ,4223 ,9932 ,45000 ,40000 ,5-Year
2019,36121,"Wyoming County, New York",Wyoming,New York,NY,15917 ,1620 ,4042 ,10255 ,45000 ,40000 ,5-Year
2021,36121,"Wyoming County, New York",Wyoming,New York,NY,15870 ,1562 ,4398 ,9910 ,50000 ,45000 ,5-Year
2010,36123,"Yates County, New York",Yates,New York,NY,9184 ,1330 ,2627 ,5227 ,40000 ,35000 ,3-Year
2012,36123,"Yates County, New York",Yates,New York,NY,9466 ,1203 ,2327 ,5936 ,40000 ,35000 ,3-Year
2014,36123,"Yates County, New York",Yates,New York,NY,9642 ,1264 ,2346 ,6032 ,40000 ,35000 ,5-Year
2016,36123,"Yates County, New York",Yates,New York,NY,9532 ,1201 ,2493 ,5838 ,40000 ,35000 ,5-Year
2018,36123,"Yates County, New York",Yates,New York,NY,9029 ,1016 ,2917 ,5096 ,50000 ,40000 ,5-Year
2019,36123,"Yates County, New York",Yates,New York,NY,8919 ,991 ,2765 ,5163 ,50000 ,40000 ,5-Year
2021,36123,"Yates County, New York",Yates,New York,NY,8594 ,976 ,2758 ,4860 ,50000 ,50000 ,5-Year